企业名称,官网链接,官网摘要,官网证据,采集状态
壕超废品回收,,,未检索到可信官网链接,failed
双峰广告电脑,,,未检索到可信官网链接,failed
嘉怡电脑旗舰店,,,未检索到可信官网链接,failed
手机快速维修中心(壹号通迅),,,未检索到可信官网链接,failed
华硕电脑授权服务网点(大学城店),,,未检索到可信官网链接,failed
戴尔外星人电脑授权服务中心(狮山大学城店),,,未检索到可信官网链接,failed
红政电脑监控,,,未检索到可信官网链接,failed
荣耀官方授权服务中心(佛山南海名汇苑店),,,未检索到可信官网链接,failed
齐翔电脑维修服务中心,,,未检索到可信官网链接,failed
中国移动(保利中央公馆营业厅),,,未检索到可信官网链接,failed
柒壹贰电脑维修·电脑回收·监控安装(招商置地中心店),,,未检索到可信官网链接,failed
联想官方直营服务中心(佛山环宇城店),,,未检索到可信官网链接,failed
千米手机电脑维修回收(佛山中央大街店),,,未检索到可信官网链接,failed
荣耀官方授权服务中心(佛山南海A32万科里店),,,未检索到可信官网链接,failed
八达电脑维修 监控安防,,,未检索到可信官网链接,failed
手机维修电脑维修硬盘维修数据恢复,,,未检索到可信官网链接,failed
众网电脑,,,未检索到可信官网链接,failed
阳光通讯中国移动店(手机维修二手手机回收交易),,,未检索到可信官网链接,failed
领航电脑维修-监控安装-网络组建,,,未检索到可信官网链接,failed
飞鱼手机维修,,,未检索到可信官网链接,failed
年年大通讯速修猫,,,未检索到可信官网链接,failed
千米手机电脑维修回收(金沙洲店),,,未检索到可信官网链接,failed
中国移动(黄岐金沙洲营业厅),,,未检索到可信官网链接,failed
联新电脑维修-监控,,,未检索到可信官网链接,failed
创科电脑服务中心(金沙洲店),,,未检索到可信官网链接,failed
中国移动(手机快修),,,未检索到可信官网链接,failed
